<?xml version="1.0" encoding="UTF-8"?>
<project-private xmlns="http://www.netbeans.org/ns/project-private/1">
    <editor-bookmarks xmlns="http://www.netbeans.org/ns/editor-bookmarks/2" lastBookmarkId="0"/>
    <open-files xmlns="http://www.netbeans.org/ns/projectui-open-files/2">
        <group>
            <file>file:/E:/antho/Documents/IST%20242/Projects/Lesson%203%20Implementing%20the%20TableMemeber%20Interface/L03_Implementing_the_TableMember_Interface/src/View/View.java</file>
            <file>file:/E:/antho/Documents/IST%20242/Projects/Lesson%203%20Implementing%20the%20TableMemeber%20Interface/L03_Implementing_the_TableMember_Interface/src/Controller/Controller.java</file>
            <file>file:/E:/antho/Documents/IST%20242/Projects/Lesson%203%20Implementing%20the%20TableMemeber%20Interface/L03_Implementing_the_TableMember_Interface/src/Model/FootballPlayer.java</file>
            <file>file:/E:/antho/Documents/IST%20242/Projects/Lesson%203%20Implementing%20the%20TableMemeber%20Interface/L03_Implementing_the_TableMember_Interface/src/Model/Model.java</file>
        </group>
    </open-files>
</project-private>
